,,,,,,
,,,,,,
2022-01-14 18:14:18+00:00,"RT @kishanreddybjp: Inaugurated the New CC Road Works at Gandhi Nagar Y Junction, Musheerabad, this morning.

Better road infrastructure is‚Ä¶",Bhss_anu,
2022-01-13 09:24:41+00:00,"@IndianOilcl agency name, anu indian sewa
district, ghaziabad
 location  old vijay nagar sector 9 military ground ghaziabad
 contact- i cannot provide personal details for avoid any criminal violation. 
 I want to bring to your notice that most of the suppliers do this work as seen video.",dbaghel_PA,"Ghaziabad, India"
2022-01-13 04:32:07+00:00,"Let the vibrancy of Lohri brighten up your lives and hairs ! Anu Nagar Studio wishes everyone a #HappyLohri! 

‡§≤‡•ã‡§π‡§°‡§º‡•Ä ‡§ï‡•Ä ‡§≤‡§ñ ‡§≤‡§ñ ‡§¨‡§ß‡§æ‡§á‡§Ø‡§æ‡§Å üî• https://t.co/MzSeUrDlWs",Anunagarstudio,
2022-01-10 11:01:28+00:00,"RT @Ranjith_xmokie: Advance Bookings for #EnnaSollaPogirai on Ticket New in Chennai üî•

Udhayam Complex - Jafferkhanpet 
VR Cinemas - Pattab‚Ä¶",Anu_mandrake,
2022-01-10 06:53:54+00:00,"2022 Mei Badlegi Tasveer Aapki

üíÅ Get Your Hair Wigs &amp; Extensions Done This Year From Top Hair Expert üî•üî•

üíÅGet 100% Natural Hairs

üëâBook Your Appointment Today : 8130059912

üëâVisit our website: https://t.co/CU0oIwcwAy

Locate us on google map: https://t.co/ZxSHKGBydS https://t.co/wkkgWho6Be",Anunagarstudio,
2022-01-16 02:14:37+00:00,"RT @aksharma_07: outside BJP office Azad Nagar, Madhuban Nagar, Alambagh, Lucknow, Uttar Pradesh 226005  new shop has opened https://t.co/P‚Ä¶",Bhushan99093387,
2022-01-15 12:16:45+00:00,"On the new #CB300R, your demands are met with an endless supply of fun.

For more information call us on +91-9311123940 or 9311123941 or
visit our showroom
Big Wing Delhi East
B-24, Kanti Nagar Main Road
Near East Azad Nagar Metro station
Delhi -51 https://t.co/U5LC4Xt62g",bigwingdelhi,"B-24, Kanti Nagar, Delhi"
2022-01-15 10:08:28+00:00,"@KESCoHQ @ptshrikant @BJP4India @BJP4UP How many times will you ask for? I have already given you. Mithilesh Kumari, New Azad Nagar, Daheli Sujanpur, Kanpur Nagar. Kesa Swarna Jayanti Vihar Koyla Nagar. Mb 7905937373",kamalrathaur,"Kanpur, India"
2022-01-15 08:42:32+00:00,"outside BJP office Azad Nagar, Madhuban Nagar, Alambagh, Lucknow, Uttar Pradesh 226005  new shop has opened https://t.co/PQ4d075jSt",aksharma_07,India
2022-01-15 04:57:32+00:00,"RT @MishraS91522749: @Kapil_IAS @motihari @BiharHealthDept I am now in home country and have to go back to work in February. So, please all‚Ä¶",MishraS91522749,
2022-01-15 04:09:44+00:00,"@IndoreCollector @CMMadhyaPradesh @UNICEFIndia What about crowds in market, 56 dukan Anand bazar , siyaganj, khajrana, azad Nagar? Most don't wear mask. Covid cases are transmitted from those locations not school and colleges. I haven't seen any administration teams spot fining or arresting.",Indorecitizen,
2022-01-14 16:30:43+00:00,"@Kapil_IAS @motihari @BiharHealthDept I am now in home country and have to go back to work in February. So, please allow me for a booster dose of the vaccine.
Regards
Surendra kumar Mishra
Mobile+919430002154
Azad nagar manspuri Gali number 5 post motihari Dist motihari Bihar pincode 845401",MishraS91522749,
2022-01-14 16:11:57+00:00,"@BiharHealthDept I am now in home country and have to go back to work in February. So, please allow me for a booster dose of the vaccine.

Regards

Surendra kumar Mishra

Mobile+919430002154

Azad nagar manspuri Gali number 5 post motihari Dist motihari Bihar pincode 845401",MishraS91522749,
2022-01-14 15:11:00+00:00,"Chandra shekar azad, park situated at gole market, mahanagar, lucknow
In this park no work of maintenance is done from the date it is build ,  nagar nigam and LDA ,pass it to one another,Shame on them. @rashtrapatibhvn @narendramodi @myogiadityanath @AmitShah @rajnathsingh",manojbansal2612,
2022-01-14 14:58:04+00:00,"@nikster007 You‚Äôre in Andheri, no? Check out this place called Mallu‚Äôs Kitchen on Zomato. They‚Äôre in Azad Nagar. Not fancy, but fantastic food.",Bobin_James,"Mumbai, India"
2022-01-14 11:46:33+00:00,"RT @sharmapardeep01: @anilvijminister i put a complaint regarding sewerage issue in gali no. 9,azad nagar, yamunanagar vide c. No. CMOFF/N/‚Ä¶",SmartDrongo,"Thanesar, India"
2022-01-14 11:46:27+00:00,"@anilvijminister i put a complaint regarding sewerage issue in gali no. 9,azad nagar, yamunanagar vide c. No. CMOFF/N/2021/104798 ON 11-11-21, BUT TILL today my issue is stand still n nobody came to meet me and put the fake ATR without my sign and concern. 9034012428",sharmapardeep01,Yamuna Nagar
2022-01-14 11:45:45+00:00,"RT @sharmapardeep01: @cmohry i put a complaint regarding sewerage issue in gali no. 9,azad nagar, yamunanagar vide c. No. CMOFF/N/2021/1047‚Ä¶",SmartDrongo,"Thanesar, India"
2022-01-14 11:45:40+00:00,"@cmohry i put a complaint regarding sewerage issue in gali no. 9,azad nagar, yamunanagar vide c. No. CMOFF/N/2021/104798 ON 11-11-21, BUT TILL today my issue is stand still n nobody came to meet me and put the fake ATR without my sign and concern. 9034012428",sharmapardeep01,Yamuna Nagar
2022-01-14 11:34:33+00:00,"Today Minister @VarshaEGaikwad Ji discussed the topic of Dharavi Azad Nagar slums notice issue with Shri @DighavkarKiran ji and officials of Railways and Mahada at his residence. 

@CMOMaharashtra
@MahaDGIPR https://t.co/8yKylfE32H",sonuGshah,"Mumbai, India"
2022-01-14 10:54:04+00:00,"Spot on to its title, H‚Äôness #AnniversaryEdition makes you feel like royalty.

For more information call us on +91-9311123940 or 9311123941 or
visit our showroom
Big Wing Delhi East
B-24, Kanti Nagar Main Road
Near East Azad Nagar Metro station
Delhi -51 https://t.co/l1zw3r12hS",bigwingdelhi,"B-24, Kanti Nagar, Delhi"
2022-01-14 07:32:09+00:00,"3BHK ,2 Bath ( Residential Apartment Sale) 
Price= 70 Lakh +Govt charges &amp; tax @ 5,617 per sq.ft ( all inclusive , Negotiable )
Floor Number = 4 OF 8 floor 
Facing = South East 
Overlooking = Park \Garden ,Main Road 
Location= Shantivan Apartment , Azad nagar , KANPUR https://t.co/8mp9Vw6ZwR",BuyolpCom,
2022-01-13 13:51:46+00:00,"Dhake  Colony
Apna Bazar
Azad Nagar
DN Nagar  pockets not having Airtel Connectivity for almost 75 days now. 
No amount of Shaming /
Whipping / Insulting/ Visits to their Gallery Ever Works.

Airtel gets an Oscar in Besharami and Baddsaluugii.

AIRTEL ka Naya Naam AIRHELL üò±üò± https://t.co/sFw3qINYMc",anandshirali1,
2022-01-13 07:18:54+00:00,"Godrej Azad Nagar Wadala Mumbai - 2 &amp; 3 BHK Luxury Apartments

#Godrej_Azad_Nagar_Wadala is a new upcoming project by the group that offers 2, &amp; 3 BHK luxury housing in the heart of Mumbai City with the luxurious facility and area. https://t.co/xTYizNnsy0

#Godrej #Apartments https://t.co/oCnCPSj99Q",serviceest,
2022-01-13 07:09:53+00:00,"@DMKanpur @FoodDept_UP All Samosa makers in our Nawabganj, Azad Nagar, Vishnupuri (Kanpur 208002 Area) mash ""UNPEELED"" Aloo in samosas making it unhygienic for people. Please conduct sampling of the product. @myogiadityanath @MeghBulletin",ASMKNP,
2022-01-12 19:50:35+00:00,"@jio_fiber I want to fiber connection at my location as soon as possible
Address:first floor 4 Omana House Paili Pada Azad Nagar Trombay Mumbai 400088",Mehtab2817,
2022-01-12 06:27:47+00:00,"@bsesdelhi Contact 9999437722
East Azad Nagar, Near Ajit Darbar Gurdwara, Delhi 110051",AlokBhrdwaj,Delhi
2022-01-12 02:33:26+00:00,"RT @imVickyMansa: Volunteers from Kalyan nagar, Sirsa, haryana, distributed warm blankets and winter cloth to the needy on the occasion of‚Ä¶",Azad_tomar1,"Kaka Nagar (Shamli) UP , INDIA"
2022-01-11 19:53:05+00:00,"@PMCPune 
It's getting difficult to stay and sleep in Wanowarie Azad Nagar area with stray dogs barking all night.
Please help",RebelBaaghii,
2022-01-11 11:33:01+00:00,"@GoddessPrishaa help  Shivam Institute of Science - Competitive Exam Tutorials | NEET and IIT Tutorials in Hisar | Science institute
094666 12586
https://t.co/I5B1ILYYce",COVID19_infor,
2022-01-11 11:30:04+00:00,"@anilvijminister Shivam Institute of Science - Competitive Exam Tutorials | NEET and IIT Tutorials in Hisar | Science institute open in covid help there is 1 covid +ve student @anilvijminister @chkanwarpal
@chkanwarpal @cmohry 09466612586
https://t.co/I5B1ILYYce",COVID19_infor,
2022-01-11 11:24:06+00:00,"Shivam Institute of Science - Competitive Exam Tutorials | NEET and IIT Tutorials in Hisar | Science institute offline classes going on @anilvijminister @chkanwarpal
@cmohry @DGPHaryana @COVIDNewsByMIB  094666 12586
https://t.co/I5B1ILYYce",COVID19_infor,
2022-01-11 11:21:50+00:00,RT @COVID19_infor: Shivam Institute of Science - Competitive Exam Tutorials | NEET and IIT Tutorials in Hisar | Science institute THIS CENT‚Ä¶,COVID19_infor,
2022-01-11 11:21:18+00:00,"Shivam Institute of Science - Competitive Exam Tutorials | NEET and IIT Tutorials in Hisar | Science institute THIS CENTER IS OPEN AND 1 OF THEM IS COVID +VE PLZ HELP HELP
094666 12586
https://t.co/I5B1ILYYce",COVID19_infor,
2022-01-11 10:19:18+00:00,"These vehicles are lying in scrap condition for quite long time leaving unattended.Pls.remove these if it doesn't belongs to anyone. Address : Near 118 building, Azad Nagar Central Railway Colony, Near T.H.Kataria Marg, Matunga East, Mumbai- 400019. @MumbaiPolice @mybmc https://t.co/a0kj9rTbix",thyagarajan1089,"Mumbai, India"
2022-01-10 17:38:20+00:00,"@DMBahraich 
Meri bike Hf Deluxe UP40-AL0259
MERE CSC CENTER AZAD NAGAR RISIA SHAMI CHAURAHA SE 01/01/2022 KO SHAM PANCH BAJE GAYAB HO GAI HAI 
HELP ME TO FIND MY BIKE RISIA POLICE DOING NOTHING
HELP ME
I AM VERY HELPLESS",BudhaeeMalik,
2022-01-10 16:27:14+00:00,"RT @officialmsgfans: @GreenSwelfares of @derasachasauda from Delhi are  celebrating #Christmas at East Azad Nagar by distributing toys, swe‚Ä¶",jatana_jubin,
2022-01-10 11:41:29+00:00,"@mahanagargas MR. K. V. J. RAO. 
1502 - 'A' Tower ,
 Swastik Alps CHS,
Azad Nagar, 
THANE (W)-  400607.
9870018206",kayveejayarao,"Thane, India"
2022-01-09 13:33:07+00:00,"Our Free Home Delivery Areas Are:

Khesmi, Durga para, Kali Para, Ratanpur, Gomoh Railway Stn, Azad Nagar(Petrol Pump), Gunghasa, PNM Clg, Hatia Tar etc.. 
*Around 1 km of Radius*
Apart from the above mentioned areas, Delivery charges will be applicable according to the distance.",theyummybiryani,
2022-01-08 18:35:20+00:00,"@kgahlot Despite work stop notice,unauth. construction at C6,East Azad Nagar,Main Rd,Delhi 51 is still continued and even during ban period.Attached challan is proof.Creating nuisance,pollution and danger with the involvement of authorities
Prev. twet Link
https://t.co/LpCKfK2oll https://t.co/usD1Urgdru",saurabh31jain,"New Delhi, India"
2022-01-08 18:08:33+00:00,"@DelhiPolice Despite several complaints,tweets and work stop notice,unauth. construction is not stopped at C-6,East Azad Nagar,Main Rd,Delhi51.Creating nuisance,pollution and danger.Sending you latest video dt 05.01.22 of chhajjas.May fall
Prev. twet Link
https://t.co/9XGSJL0kab https://t.co/LbkTetH2P5",saurabh31jain,"New Delhi, India"
2022-01-08 18:07:24+00:00,"@DeoShahdara Despite several complaints,tweets and work stop notice,unauth. construction is not stopped at C-6,East Azad Nagar,Main Rd,Delhi51.Creating nuisance,pollution and danger.Sending you latest video dt 05.01.22 of chhajjas.May fall
Prev. twet Link
https://t.co/dWUnSY5SCx https://t.co/gY2Gz3NTI1",saurabh31jain,"New Delhi, India"
2022-01-08 17:53:40+00:00,"@DCP_SHAHDARA Despite several complaints,tweets and work stop notice,unauth. construction is not stopped at C-6,East Azad Nagar,Main Rd,Delhi51.Creating nuisance,pollution and danger.Sending you latest video dt 05.01.22 of chhajjas.May fall
Prev. twet Link
https://t.co/9XGSJL0kab https://t.co/lJdVeYhlBq",saurabh31jain,"New Delhi, India"
2022-01-16 06:40:31+00:00,RT @metrorailtoday: [Mumbai Metro Updates] First U-Girder has been successfully placed at Balkum Naka Station of Mumbai's Metro Line 5 (Ora‚Ä¶,UrbanInfraGroup,"New Delhi, India"
2022-01-16 06:12:27+00:00,"RT @Sahilinfra2: #Mumbaimetro L5
All 10 concourse level middle spine beams placed at Balkum naka station. Line-05 is the first in Mumbai to‚Ä¶",EkVishwa,
2022-01-16 05:59:18+00:00,"RT @ExpressTimeline: #MumbaiMetroUpdate
First U-Girder has been successfully placed at Balkum Naka Station of Metro Line 5 (Orange Line). A‚Ä¶",RahilSh22257699,"Mumbai, India"
2022-01-15 12:04:27+00:00,"RT @Sahilinfra2: #Mumbaimetro L5
All 10 concourse level middle spine beams placed at Balkum naka station. Line-05 is the first in Mumbai to‚Ä¶",SitanshuDesai," Bharatvarsh , Aaryavrat"
2022-01-15 11:59:05+00:00,"RT @Sahilinfra2: #Mumbaimetro L5
All 10 concourse level middle spine beams placed at Balkum naka station. Line-05 is the first in Mumbai to‚Ä¶",samir_patil,‡§≠‡§æ‡§∞‡§§ India
2022-01-15 11:40:06+00:00,"RT @Sahilinfra2: #Mumbaimetro L5
All 10 concourse level middle spine beams placed at Balkum naka station. Line-05 is the first in Mumbai to‚Ä¶",Gyroscope92,
2022-01-15 11:38:56+00:00,"RT @Sahilinfra2: #Mumbaimetro L5
All 10 concourse level middle spine beams placed at Balkum naka station. Line-05 is the first in Mumbai to‚Ä¶",MandarSawant184,Mumbai
2022-01-15 08:38:39+00:00,"RT @MetroRailNewsIN: [Mumbai Metro Update]

First U-Girder has been successfully placed at Balkum Naka Station of Metro Line 5 (Orange Line‚Ä¶",PradeepG2436,
2022-01-15 05:55:13+00:00,"[Mumbai Metro Update]

First U-Girder has been successfully placed at Balkum Naka Station of Metro Line 5 (Orange Line). All 10 concourse level middle spine beams are placed at Balkum naka station. Novel spine and wing design to construct stations. 

¬©Ô∏èArjun Dhotre https://t.co/4WqZyKgAeo",MetroRailNewsIN,New Delhi
2022-01-14 18:15:39+00:00,"RT @ExpressTimeline: #MumbaiMetroUpdate
First U-Girder has been successfully placed at Balkum Naka Station of Metro Line 5 (Orange Line). A‚Ä¶",LochanWani,"BHUSAWAL, Maharashtra, India."
2022-01-14 18:02:16+00:00,RT @metrorailtoday: [Mumbai Metro Updates] First U-Girder has been successfully placed at Balkum Naka Station of Mumbai's Metro Line 5 (Ora‚Ä¶,A_ay_oo_sh,
2022-01-14 17:39:00+00:00,"RT @ExpressTimeline: #MumbaiMetroUpdate
First U-Girder has been successfully placed at Balkum Naka Station of Metro Line 5 (Orange Line). A‚Ä¶",HardikNandaniy8,"Bhiwandi, India"
2022-01-14 16:41:05+00:00,"[Mumbai Metro Updates] First U-Girder has been successfully placed at Balkum Naka Station of Mumbai's Metro Line 5 (Orange). All 10 concourse level middle spine beams are placed at Balkum Naka Station. First in Mumbai, a novel spine and wing design is used to construct stations. https://t.co/lHAZCuHq0t",metrorailtoday,
2022-01-14 16:02:09+00:00,"RT @ExpressTimeline: #MumbaiMetroUpdate
First U-Girder has been successfully placed at Balkum Naka Station of Metro Line 5 (Orange Line). A‚Ä¶",PatelNishu28,philadelphia PA
2022-01-14 15:49:12+00:00,"RT @Sahilinfra2: #Mumbaimetro L5
1st U girder for stations placed over Balkum naka station
¬©Ô∏èArjun Dhotre https://t.co/pJjO1ja7Y0",RNakshatri,"Navi Mumbai, India"
2022-01-14 15:48:11+00:00,"RT @Sahilinfra2: #Mumbaimetro L5
1st U girder for stations placed over Balkum naka station
¬©Ô∏èArjun Dhotre https://t.co/pJjO1ja7Y0",A_ay_oo_sh,
2022-01-14 12:33:51+00:00,"RT @Sahilinfra2: #Mumbaimetro L5
1st U girder for stations placed over Balkum naka station
¬©Ô∏èArjun Dhotre https://t.co/pJjO1ja7Y0",rahikosi,"Faridabad, India"
2022-01-14 12:08:46+00:00,"RT @Sahilinfra2: #Mumbaimetro L5
1st U girder for stations placed over Balkum naka station
¬©Ô∏èArjun Dhotre https://t.co/pJjO1ja7Y0",tarachand_india,"Mumbai, India"
2022-01-14 11:07:28+00:00,"RT @Sahilinfra2: #Mumbaimetro L5
1st U girder for stations placed over Balkum naka station
¬©Ô∏èArjun Dhotre https://t.co/pJjO1ja7Y0",Warrior27549890,
2022-01-14 10:57:42+00:00,"RT @Sahilinfra2: #Mumbaimetro L5
1st U girder for stations placed over Balkum naka station
¬©Ô∏èArjun Dhotre https://t.co/pJjO1ja7Y0",ADShah30,Bharatvarsha
2022-01-14 10:57:11+00:00,"RT @Sahilinfra2: #Mumbaimetro L5
All 10 concourse level middle spine beams placed at Balkum naka station. Line-05 is the first in Mumbai to‚Ä¶",ADShah30,Bharatvarsha
2022-01-14 10:55:04+00:00,"RT @ExpressTimeline: #MumbaiMetroUpdate
First U-Girder has been successfully placed at Balkum Naka Station of Metro Line 5 (Orange Line). A‚Ä¶",A_ay_oo_sh,
2022-01-14 09:06:00+00:00,"RT @ExpressTimeline: #MumbaiMetroUpdate
First U-Girder has been successfully placed at Balkum Naka Station of Metro Line 5 (Orange Line). A‚Ä¶",SarveshSonar24,"‡§ï‡§≤‡•ç‡§Ø‡§æ‡§£,‡§≠‡§æ‡§∞‡§§ /Yorkshire,England"
2022-01-14 08:58:38+00:00,"RT @ExpressTimeline: #MumbaiMetroUpdate
First U-Girder has been successfully placed at Balkum Naka Station of Metro Line 5 (Orange Line). A‚Ä¶",RishavBhowmick9,Yogiji ka Uttam Pradesh 
2022-01-14 08:53:45+00:00,"RT @ExpressTimeline: #MumbaiMetroUpdate
First U-Girder has been successfully placed at Balkum Naka Station of Metro Line 5 (Orange Line). A‚Ä¶",MetroRailNewsIN,New Delhi
2022-01-14 07:00:29+00:00,"RT @ExpressTimeline: #MumbaiMetroUpdate
First U-Girder has been successfully placed at Balkum Naka Station of Metro Line 5 (Orange Line). A‚Ä¶",gawadeamey993,"Vengurla Maharashtra, India"
2022-01-14 06:53:06+00:00,"RT @ExpressTimeline: #MumbaiMetroUpdate
First U-Girder has been successfully placed at Balkum Naka Station of Metro Line 5 (Orange Line). A‚Ä¶",dinkar12,Pune
2022-01-14 06:50:02+00:00,"RT @ExpressTimeline: #MumbaiMetroUpdate
First U-Girder has been successfully placed at Balkum Naka Station of Metro Line 5 (Orange Line). A‚Ä¶",MalwaniKhaja,‡§Ö‡§ñ‡§Ç‡§° ‡§≠‡§æ‡§∞‡§§
2022-01-14 06:45:26+00:00,"RT @ExpressTimeline: #MumbaiMetroUpdate
First U-Girder has been successfully placed at Balkum Naka Station of Metro Line 5 (Orange Line). A‚Ä¶",Shaikh_Mohsin12,"Pune, Maharashtra"
2022-01-14 06:18:20+00:00,"RT @Sahilinfra2: #Mumbaimetro L5
1st U girder for stations placed over Balkum naka station
¬©Ô∏èArjun Dhotre https://t.co/pJjO1ja7Y0",aryanbagade07,South Bombay 
2022-01-14 06:18:02+00:00,"RT @Sahilinfra2: #Mumbaimetro L5
1st U girder for stations placed over Balkum naka station
¬©Ô∏èArjun Dhotre https://t.co/pJjO1ja7Y0",dhruvbhim,
2022-01-14 06:12:29+00:00,"RT @Sahilinfra2: #Mumbaimetro L5
1st U girder for stations placed over Balkum naka station
¬©Ô∏èArjun Dhotre https://t.co/pJjO1ja7Y0",akshaychandorka,"Nagpur, India"
2022-01-14 06:00:30+00:00,"Another milestone for Mumbai Metro.Recently, Afcons launch 1st U-Girders for stn Viaduct of Balkum Naka Metro Stn of Mumbai Metro Orange Line. The Stn Design is different from other Metro lines. Orange Line is 1st Line in Mumbai which use Spinal Technology used in Hyderabad Metro https://t.co/BifnQOSy6Z",TheTransits,"‡§Æ‡•Å‡§Ç‡§¨‡§à, ‡§≠‡§æ‡§∞‡§§"
2022-01-14 05:00:07+00:00,"RT @ExpressTimeline: #MumbaiMetroUpdate
First U-Girder has been successfully placed at Balkum Naka Station of Metro Line 5 (Orange Line). A‚Ä¶",dhoomtananana37,"Mumbai, India"
2022-01-14 04:16:33+00:00,"RT @Sahilinfra2: #Mumbaimetro L5
1st U girder for stations placed over Balkum naka station
¬©Ô∏èArjun Dhotre https://t.co/pJjO1ja7Y0",sandeep_mohan92,New Delhi
2022-01-14 04:08:08+00:00,"RT @ExpressTimeline: #MumbaiMetroUpdate
First U-Girder has been successfully placed at Balkum Naka Station of Metro Line 5 (Orange Line). A‚Ä¶",naphade_nayan,
2022-01-14 04:06:34+00:00,"RT @Sahilinfra2: #Mumbaimetro L5
1st U girder for stations placed over Balkum naka station
¬©Ô∏èArjun Dhotre https://t.co/pJjO1ja7Y0",darshanik1,Nagpur
2022-01-14 04:06:29+00:00,"RT @Sahilinfra2: #Mumbaimetro L5
All 10 concourse level middle spine beams placed at Balkum naka station. Line-05 is the first in Mumbai to‚Ä¶",darshanik1,Nagpur
2022-01-14 03:54:32+00:00,"#MumbaiMetroUpdate
First U-Girder has been successfully placed at Balkum Naka Station of Metro Line 5 (Orange Line). All 10 concourse level middle spine beams are placed at Balkum naka station.... continued on thread https://t.co/yJvh79JPQP",ExpressTimeline,"‡§Æ‡•Å‡§Ç‡§¨‡§à, ‡§≠‡§æ‡§∞‡§§"
2022-01-14 03:12:09+00:00,"RT @Sahilinfra2: #Mumbaimetro L5
1st U girder for stations placed over Balkum naka station
¬©Ô∏èArjun Dhotre https://t.co/pJjO1ja7Y0",Reshav1996,"‡§Ü‡§®‡§Ç‡§¶‡§™‡•Å‡§∞ ‡§∏‡§æ‡§π‡§ø‡§¨, ‡§≠‡§æ‡§∞‡§§"
2022-01-14 02:58:11+00:00,"RT @Sahilinfra2: #Mumbaimetro L5
1st U girder for stations placed over Balkum naka station
¬©Ô∏èArjun Dhotre https://t.co/pJjO1ja7Y0",sahilhshahh,
2022-01-14 02:44:44+00:00,"#Mumbaimetro L5
1st U girder for stations placed over Balkum naka station
¬©Ô∏èArjun Dhotre https://t.co/47Kv3bYr09 https://t.co/pJjO1ja7Y0",Sahilinfra2,
2022-01-13 00:19:48+00:00,"RT @Sahilinfra2: #Mumbaimetro L5
All 10 concourse level middle spine beams placed at Balkum naka station. Line-05 is the first in Mumbai to‚Ä¶",A_ay_oo_sh,
2022-01-12 13:40:39+00:00,"RT @Sahilinfra2: #Mumbaimetro L5
All 10 concourse level middle spine beams placed at Balkum naka station. Line-05 is the first in Mumbai to‚Ä¶",HardikNandaniy8,"Bhiwandi, India"
2022-01-12 13:34:23+00:00,"RT @Sahilinfra2: #Mumbaimetro L5
All 10 concourse level middle spine beams placed at Balkum naka station. Line-05 is the first in Mumbai to‚Ä¶",mehul23mrk,"Thane, India"
2022-01-12 12:55:08+00:00,"RT @Sahilinfra2: #Mumbaimetro L5
All 10 concourse level middle spine beams placed at Balkum naka station. Line-05 is the first in Mumbai to‚Ä¶",RajeshTaori,
2022-01-12 09:56:52+00:00,"RT @Sahilinfra2: #Mumbaimetro L5
All 10 concourse level middle spine beams placed at Balkum naka station. Line-05 is the first in Mumbai to‚Ä¶",SanthoshRaman6,"Chennai, India"
2022-01-12 07:17:37+00:00,"RT @Sahilinfra2: #Mumbaimetro L5
All 10 concourse level middle spine beams placed at Balkum naka station. Line-05 is the first in Mumbai to‚Ä¶",aryanbagade07,South Bombay 
2022-01-12 05:17:06+00:00,"RT @Sahilinfra2: #Mumbaimetro L5
All 10 concourse level middle spine beams placed at Balkum naka station. Line-05 is the first in Mumbai to‚Ä¶",akshaychandorka,"Nagpur, India"
2022-01-12 05:06:45+00:00,"RT @Sahilinfra2: #Mumbaimetro L5
All 10 concourse level middle spine beams placed at Balkum naka station. Line-05 is the first in Mumbai to‚Ä¶",dhruvbhim,
2022-01-12 03:34:27+00:00,"RT @Sahilinfra2: #Mumbaimetro L5
All 10 concourse level middle spine beams placed at Balkum naka station. Line-05 is the first in Mumbai to‚Ä¶",PatelNishu28,philadelphia PA
2022-01-12 02:53:54+00:00,"RT @Sahilinfra2: #Mumbaimetro L5
All 10 concourse level middle spine beams placed at Balkum naka station. Line-05 is the first in Mumbai to‚Ä¶",vishalkmumbai,"Mumbai, India"
2022-01-12 02:53:20+00:00,"RT @Sahilinfra2: #Mumbaimetro L5
All 10 concourse level middle spine beams placed at Balkum naka station. Line-05 is the first in Mumbai to‚Ä¶",Termina55,
2022-01-12 02:44:42+00:00,"RT @Sahilinfra2: #Mumbaimetro L5
All 10 concourse level middle spine beams placed at Balkum naka station. Line-05 is the first in Mumbai to‚Ä¶",n23pai,
2022-01-12 02:42:39+00:00,"RT @Sahilinfra2: #Mumbaimetro L5
All 10 concourse level middle spine beams placed at Balkum naka station. Line-05 is the first in Mumbai to‚Ä¶",Nik_Pandharikar,
2022-01-12 02:41:20+00:00,"#Mumbaimetro L5
All 10 concourse level middle spine beams placed at Balkum naka station. Line-05 is the first in Mumbai to use a novel spine and wing design to construct stations.
¬©Ô∏èArjun Dhotre https://t.co/4VFbFKE3YO",Sahilinfra2,
2022-01-08 05:47:10+00:00,"Wastage of water from over 10 mins - thousands of litres. Location : Just outside Dosti West County, Balkum.

@TMCaTweetAway @ThaneCollector @ThaneCityPolice @mieknathshinde https://t.co/TLJsJPWXJw",hitmanrocksss,"Thane, India"
2022-01-11 12:11:30+00:00,"@Sonish33161320 @TMCaTweetAway @rajupatilmanase @JadhavMns @DrSEShinde @TUSHARPATILHI5 Is this comes under Mira Bhayander ?
One Bhayander pada is at thane ghodbundar road and other is on thane Bhiwandi road.
Plz tell me if it is under MBMC?",DhirajRMishra21,"Mira Bhayander, Thane"
2022-01-16 15:04:08+00:00,"RT @VijayaDasi: #GodMorningSaturday
One day the whole world will recognize &amp; worship God Kabir!
~ Sant Rampal Ji Maharaj

""Sant Vachan Palt‚Ä¶",VijayDasi6,"Faridabad, India"
2022-01-16 14:59:20+00:00,"RT @pittyangel8988: #Sant_Rampalji_Maharaj_App
On the basis of all the scriptures of the world, who is the Supreme God, the Akhil Brahmand‚Ä¶",Prashan11108859,
2022-01-16 14:41:23+00:00,RT @talesofBharat: This is how Brahmand Ghat where this divine leela was performed by Krishna received its name. Brahmand Ghat has an old t‚Ä¶,rama_saraogi,
2022-01-16 14:41:18+00:00,"RT @talesofBharat: One of them was when little Krishna, while playing with his friends stuffed some mud in his mouth. When a worried Yashod‚Ä¶",rama_saraogi,
2022-01-16 14:41:06+00:00,"RT @rithvik_sagar: #Sant_Rampalji_Maharaj_App
On the basis of all the scriptures of the world, who is the Supreme God, the Akhil Brahmand N‚Ä¶",RaviPat81038133,
2022-01-16 14:34:49+00:00,"RT @talesofBharat: One of them was when little Krishna, while playing with his friends stuffed some mud in his mouth. When a worried Yashod‚Ä¶",MattersDharma,Aryavart
2022-01-16 14:17:31+00:00,RT @talesofBharat: This is how Brahmand Ghat where this divine leela was performed by Krishna received its name. Brahmand Ghat has an old t‚Ä¶,Apna_Aadmi,
2022-01-16 14:17:14+00:00,"RT @talesofBharat: One of them was when little Krishna, while playing with his friends stuffed some mud in his mouth. When a worried Yashod‚Ä¶",Apna_Aadmi,
2022-01-16 14:02:27+00:00,"@talesofBharat I remember when (from Shree Krishna Series) Lord Krishna had maakhan in his mouth and maata Yashoda asked him if he ate maakhan, he hesitated and when maata Yashoda asked him to open his mouth and show. Lord Krishna showed her the whole Brahmand in his mouth. @talesofBharat",11th_Aayaam,11th Dimension
2022-01-16 13:49:24+00:00,"RT @pittyangel8988: #Sant_Rampalji_Maharaj_App
On the basis of all the scriptures of the world, who is the Supreme God, the Akhil Brahmand‚Ä¶",rajendradas987,"Bihar, India"
2022-01-16 13:12:08+00:00,"RT @talesofBharat: One of them was when little Krishna, while playing with his friends stuffed some mud in his mouth. When a worried Yashod‚Ä¶",aneelfi,"Haora, India"
2022-01-16 12:45:23+00:00,"RT @DodiyaDipak9: The philosophy of yoga says that the body (pind) exists in the universe (Brahmand) and the universe exists in the body.
W‚Ä¶",DilipGu41140112,"Biaora, .madhya.pradesh.India"
2022-01-16 12:45:18+00:00,"RT @DodiyaDipak9: The philosophy of yoga says that the body (pind) exists in the universe (Brahmand) and the universe exists in the body.
W‚Ä¶",DilipGu41140112,"Biaora, .madhya.pradesh.India"
2022-01-16 12:33:18+00:00,RT @talesofBharat: This is how Brahmand Ghat where this divine leela was performed by Krishna received its name. Brahmand Ghat has an old t‚Ä¶,devsr84,Mumbai
2022-01-16 12:23:05+00:00,"RT @talesofBharat: One of them was when little Krishna, while playing with his friends stuffed some mud in his mouth. When a worried Yashod‚Ä¶",Devshre20256763,‡§≠‡§æ‡§∞‡§§‡§µ‡§∞‡•ç‡§∑
2022-01-16 12:22:18+00:00,RT @talesofBharat: This is how Brahmand Ghat where this divine leela was performed by Krishna received its name. Brahmand Ghat has an old t‚Ä¶,Devshre20256763,‡§≠‡§æ‡§∞‡§§‡§µ‡§∞‡•ç‡§∑
2022-01-16 12:19:46+00:00,RT @talesofBharat: This is how Brahmand Ghat where this divine leela was performed by Krishna received its name. Brahmand Ghat has an old t‚Ä¶,rahultr11020847,
2022-01-16 12:19:31+00:00,"RT @talesofBharat: One of them was when little Krishna, while playing with his friends stuffed some mud in his mouth. When a worried Yashod‚Ä¶",rahultr11020847,
2022-01-16 12:18:43+00:00,"This is how Brahmand Ghat where this divine leela was performed by Krishna received its name. Brahmand Ghat has an old temple overlooking the serene River Yamuna along with the most striking ‚ÄòBraj Ki Raj‚Äô‚Äïliterally, the mud of Braj, which attracts pilgrim visitors today. https://t.co/p1qnHmrMUO",talesofBharat,
2022-01-16 12:18:41+00:00,"One of them was when little Krishna, while playing with his friends stuffed some mud in his mouth. When a worried Yashoda Maiya asked her little kid to open his mouth, instead of mud Krishna revealed to her the entire cosmic realm ""Brahmand"" to his mother. https://t.co/2WrMnsfLy1",talesofBharat,
2022-01-16 11:21:14+00:00,RT @Rimple29522660: The philosophy of yoga says that the body (pind) exists in the universe (Brahmand) and the universe exists in the body.‚Ä¶,DilipVGohil1,
2022-01-16 07:55:02+00:00,@GirijaPande @swarup58 I wait for them to announce Akhand brahmand,sangeetasanghvi,Somewhere! 
2022-01-16 02:11:18+00:00,"RT @OfficialShiva29: ùïã‚Ñçùîº ùîªùîºùïçùïÄùïÉüëπ

#GodMorningSunday
kaal lives in his 21st maha brahmand 
where there is a tapatshila there he prepares his‚Ä¶",SumanDa79098929,
2022-01-15 23:04:56+00:00,"@itsmeriya123 @IndiaTales7 @VertigoWarrior @desi_thug1 @BattaKashmiri @Kanchansinghch2 @Ankitji_BJP @Avadhesh_bjp @ramapriya1989 @Anti_Congressi @iAjaySengar üôèüèªüôèüèª‚ô•Ô∏èüå∫üïâTulsidas: Ramavatar describe birth of Sri Ram; Brahmand nikaya, nirmit maya‚Ä¶. üôèüèªSri Ram is created of infinite universe n maya. Keep Sanatani dharma alive. It is now left for this generation to preserve. @pujari_anup @davidfrawleyved",bikoo1999,
2022-01-16 12:07:54+00:00,Rs has a charai,ikirufuri,‰∫ëÊ¢¶Ëé≤Ëä±Âëú
2022-01-16 09:41:12+00:00,urc went bully mode with the charai so the other team destroyed all the gas around www,littlebird26_,#GOT7 #Anime #MXTX #Vtubers
2022-01-16 09:34:54+00:00,wwww the way vdk is getting so annoyed with msnr‚Äôs charai HAHAHAHAHAHA,S2minimochiS2,
2022-01-15 18:39:14+00:00,Ugh...now i have to get through nigatsu no shousha...i couldn't even finish ep 1 last time but charai stalker shige sensei better be worth it,KATOSHIGEFLUFFY,‰∏ñÁïå
2022-01-15 17:44:17+00:00,"kaname : i'm going!
member : daru! (lacking interest/excitement)
takato : recently kaname is charai right
takato : chaname right?
member : chaname~

(this is the explanation of what charai means) https://t.co/TsVvbz8Qr0",19452O,any pronouns
2022-01-14 23:29:33+00:00,@Punished_Amuro7 Wasn't there the same charai in little Britain ?,420Borg,
2022-01-14 14:39:58+00:00,"@javilind 2 times!! ü§£ü§£
his image about yuya is charai neeü§£ü§£",konekochan1412,Á•ê‰πü„ÅÆ„Éè„Éº„Éà
2022-01-14 13:10:47+00:00,"Came through Atalanta didn't he?

All of these charai are expected when you get a player from them.

Their scouts and overall player selections are incredible! https://t.co/kO7IfCHyty",_Dr_RST_7_,UCL
2022-01-16 07:00:59+00:00,"@ThaneCityPolice we are resident near nandi baba mandir, Dhokali naka Thane. There is a granite cutting factory ""Gayatri Granite"". Which operates without any norms &amp; regulations causing noise pollution. Inspite requesting many times, they simply ignore and doesn't bother. https://t.co/2vO79Xjs8Z",iM_BiJaY85,
2022-01-15 16:06:52+00:00,"@nitin_gadkari Hello Sir, Good evening. There is road widening proposed in Dhokali naka, Thane. This initiative is greatly welcome but can there be some measures/regulation which can be imposed to control the consequences due to nosie pollution to the neighbouring resident.",iM_BiJaY85,
2022-01-16 06:18:27+00:00,"""Khataara"" parked on Service Road of Eastern Express Highway near Godrej Signal since few years. Needs to be removed by the RTO Mumbai. It is creating filth and dirt around it. @MumbaiPolice https://t.co/LjBAwRPLVK",ArchitectTasK,"Navi Mumbai, India"
2022-01-16 02:49:57+00:00,"RT @GupteRajeev: This is not from any foreign country.üôÑ
But along Vikhroli-Ghatkopar stretch of the Eastern Express Highway, Opp Godrej Com‚Ä¶",GupteRajeev,"Pune, India"
2022-01-15 05:35:51+00:00,"@mybmc @mumbaimatterz @mayor_mumbai  @RoadsOfMumbai #mumbai #ghatkopar #expressHighway #kamrajnagar  overflowing of gutters for this eastern express Highway subway road since last 4-5 month. Gutters were not repaired, this has led to the gutters water overflowing onto the subway. https://t.co/0rOT1pImA1",girishhahir,vasai mumbai
2022-01-14 04:52:25+00:00,"RT @GupteRajeev: This is not from any foreign country.üôÑ
But along Vikhroli-Ghatkopar stretch of the Eastern Express Highway, Opp Godrej Com‚Ä¶",HarshDu27396301,
2022-01-14 04:12:56+00:00,"RT @GupteRajeev: This is not from any foreign country.üôÑ
But along Vikhroli-Ghatkopar stretch of the Eastern Express Highway, Opp Godrej Com‚Ä¶",sumbullsumbear,Mumbai
2022-01-14 03:45:48+00:00,"RT @GupteRajeev: This is not from any foreign country.üôÑ
But along Vikhroli-Ghatkopar stretch of the Eastern Express Highway, Opp Godrej Com‚Ä¶",AlkaShetty2,
2022-01-14 03:18:49+00:00,"RT @GupteRajeev: This is not from any foreign country.üôÑ
But along Vikhroli-Ghatkopar stretch of the Eastern Express Highway, Opp Godrej Com‚Ä¶",MrAnilKumarSing,India
2022-01-14 03:10:36+00:00,"RT @GupteRajeev: This is not from any foreign country.üôÑ
But along Vikhroli-Ghatkopar stretch of the Eastern Express Highway, Opp Godrej Com‚Ä¶",MahajanSaurabhs,"Amod, Maharashtra, India"
2022-01-14 02:59:37+00:00,"RT @GupteRajeev: This is not from any foreign country.üôÑ
But along Vikhroli-Ghatkopar stretch of the Eastern Express Highway, Opp Godrej Com‚Ä¶",Basudev57,
2022-01-14 01:29:17+00:00,"RT @GupteRajeev: This is not from any foreign country.üôÑ
But along Vikhroli-Ghatkopar stretch of the Eastern Express Highway, Opp Godrej Com‚Ä¶",Sujeet_Pandey78,
2022-01-14 01:22:53+00:00,"RT @GupteRajeev: This is not from any foreign country.üôÑ
But along Vikhroli-Ghatkopar stretch of the Eastern Express Highway, Opp Godrej Com‚Ä¶",consultmilind,
2022-01-13 19:35:05+00:00,"RT @GupteRajeev: This is not from any foreign country.üôÑ
But along Vikhroli-Ghatkopar stretch of the Eastern Express Highway, Opp Godrej Com‚Ä¶",prasadaarti7,
2022-01-13 19:17:45+00:00,"RT @GupteRajeev: This is not from any foreign country.üôÑ
But along Vikhroli-Ghatkopar stretch of the Eastern Express Highway, Opp Godrej Com‚Ä¶",DrHarish139,Mumbai : 
2022-01-13 18:40:32+00:00,"This is not from any foreign country.üôÑ
But along Vikhroli-Ghatkopar stretch of the Eastern Express Highway, Opp Godrej Complex in Mumbai, there are a number of Pink Trumpet trees. These gorgeous blooming flowers are a delight from December to February.
#beautiful #Mumbai https://t.co/8VK7Hqw6yb",GupteRajeev,"Pune, India"
2022-01-13 16:11:33+00:00,"@mybmc @mybmcWardN Please do needful ,drinking water pipe is broken in Netajinagar eastern express highway near panchsheel budhhvihar, behind old RTO office ghatkopar east. Mumbai  77. It seems that bmc N Ward is neither active on ground nor on twitter. @TV9Marathi https://t.co/piNgXKiRTB",thagunna699,India 
2022-01-11 10:18:12+00:00,"@nitin_gadkari @RoadsOfMumbai the road stretches beyond Sidharth nagar, Chembur on Eastern Express highway has plenty pot holes for last few years. The toll collectors aren‚Äôt repairing the road on the expressway",Vikram948661222,
2022-01-10 18:41:20+00:00,"@IMeIMyselfI @tilak365 @chdkidaizy @Impres78 Yo man, go and check some roads like bombay cochin, Bangalore mysore highway, delhi Mumbai express way, eastern and western dedicated freight corridor. Highways in uttar pradesh, zozila tinnels, bogibeel bridges..the list goes on and on.",HnpurH,
2022-01-09 15:36:16+00:00,"RT @SureshYadavIN: Around 70%  street lights remains OFF during night time on Eastern Express Highway. Why? 

Is it done as per some rule o‚Ä¶",RaamYad20003937,
2022-01-08 17:52:02+00:00,"Around 70%  street lights remains OFF during night time on Eastern Express Highway, Mumbai. 

This may cause accidents in night. 

@myBESTElectric
@Adani_Elec_Mum
Pls look into it. https://t.co/Ax2f7WrdhJ",SureshYadavIN,
2022-01-08 12:49:36+00:00,"2/4 while I got down at Sion, my friends continued to Ghatkopar. The driver refused to take a left at the Amar Mahal junc. &amp; continued on the Eastern Express Highway &amp; asked my friends to get down on the highway at Ghatkopar far from the destination @Olacabs https://t.co/2KfhMacWnt",hash62,"Bombay, India."
2022-01-08 12:07:03+00:00,"RT @SureshYadavIN: Around 70%  street lights remains OFF during night time on Eastern Express Highway. Why? 

Is it done as per some rule o‚Ä¶",BSahani84,"Mumbai, India"
2022-01-08 10:08:29+00:00,"@yatishjoshi 400706

FASTRACK - VIVIANA MALL FASTRACK STORE
First Floor, Shop No Ff 5A ,Viviana Mall, Eastern Express Highway,Nest To Jupiter Hospital
Thane, Maharashtra 400606

FASTRACK - THANE GOKHALE ROAD FASTRACK STORE
Ground Floor, Shanta Sadan ,Gokhale Road
Thane, Maharashtra (2/3)",Fastrack,
2022-01-08 08:24:05+00:00,"Around 70%  street lights remains OFF during night time on Eastern Express Highway. Why? 

Is it done as per some rule or safety purpose? 

Or there is lack from the authority? 

@mumbaimatterz @PotholeWarriors @mybmc @RoadsOfMumbai",SureshYadavIN,
2022-01-16 10:10:20+00:00,"@sourabhmanna From Wadala to Ghodbunder road,Tata &amp; Reliance got alternate contracts starting with Reliance on Wadala side.Unfortunately Reliance got 3 and Tata got 2 packages",Sahilinfra2,
2022-01-15 18:37:34+00:00,"RT @OindrilaM4: @TMCaTweetAway @CMOMaharashtra There is water supply shortage problem happening everyday in Thane, Kasarvadavali, Ghodbunde‚Ä¶",PalashD06440303,
2022-01-15 14:40:35+00:00,"Property Available for Sale:
Borrower Name: Shreeji Autoworlds
Property Type: Industrial
Address: Majiwade, Mohan Mill Compound, Ghodbunder Road, Thane (W), Mumbai
Area: 14000 Sq. Ft.
RP: Rs. 14.22 Cr. Only
More Details: https://t.co/3iFzo8GlTJ
Call: +91-8448264515/8976929685 https://t.co/hQtXZj3guX",PropertyAucton,India
2022-01-15 14:14:03+00:00,"@TMCaTweetAway @TMCsmartcity Children's traffic park, Anandnagar, Ghodbunder road, Thane West",nainadesai2013,"Mumbai, India"
2022-01-11 08:01:21+00:00,"@SaraswatBank I'm customer of your branch in jambli naka thane west, your broker religare is very poor as i feel excruciating being introduced to them via your bank, almost six months now yet my physical shares aren't yet converted to dmat @religareonline",durjaybhattach1,"‡§Æ‡§π‡§æ‡§∞‡§æ‡§∑‡•ç‡§ü‡•ç‡§∞, ‡§≠‡§æ‡§∞‡§§"
2022-01-16 05:30:42+00:00,@everythingcyd_ Wow. Jk. Iono if I‚Äôm following you but I need to do that. What‚Äôs ya gram?,Q5TV,The Space Between Your Ears
2022-01-16 02:01:14+00:00,Jk. I would let her steal everything. Even a Diamond from Gram. Sorry Kris. Though I feel like you might be proud of those type of claws.,F70302180,
2022-01-15 14:56:52+00:00,"RT @mopr_goi: Panchayats must take initiatives, involving all concerned, to provide ample infrastructure &amp; upgrade quality of education in‚Ä¶",paa_jk,
2022-01-12 13:53:23+00:00,"RT @ENHYPEN_members: Blessed-Cursedüç∑
#Blessed_Cursed  #ENHYPEN #SUNGHOON https://t.co/tx0TgZpxEB",jk_yj_gram,
2022-01-11 12:59:12+00:00,"jk on the gram with the boxing, like my gawd üò©",xozkdl,taekai.jaeyong.yeonjun.
2022-01-16 14:13:01+00:00,"RT @kanishksinghASP: ChandraShekhar Azad for upcoming UP elections.
#‡§Ø‡•Ç‡§™‡•Ä_‡§Æ‡§æ‡§Ç‡§ó‡•á_‡§ö‡§®‡•ç‡§¶‡•ç‡§∞‡§∂‡•á‡§ñ‡§∞‡§Ü‡§ú‡§æ‡§¶ 
#‡§Ø‡•Ç‡§™‡•Ä_‡§Æ‡§æ‡§Ç‡§ó‡•á_‡§ö‡§®‡•ç‡§¶‡•ç‡§∞‡§∂‡•á‡§ñ‡§∞‡§Ü‡§ú‡§æ‡§¶ https://t.co/chM‚Ä¶",kalwa_jaiveer,"Sardarshahar, India"
2022-01-16 12:06:47+00:00,"@HDFC_Bank @HDFCBank_Cares 
Inspite of regular follow up with your Kalwa Branch staff my issue has not been resolved and once again I have been charged Rs.600 for Non Maintain. 

Pathetic Banking",mayurvkunder,Mumbai
2022-01-16 11:15:24+00:00,"@Concern43673922 @dpkBopanna @alishan_jafri Until ALL children have the right in India to wear Viboodthi, bindi, earrings, kalwa, mehendi without ANY punishment or restrictions hijab should be banned. There should be a disqualification (failed outright) of course if exam givers wear a hijab. A hijab is NOT a PPE kit.",Sri23Eri,
2022-01-16 10:26:40+00:00,@Awhadspeaks Sir...Kalwa Airoli Rail Link is need of an hour. We lots of Kalwaities always put our life at stake while catching up train from Kalwa station. Please look into it.,roots2theboots,"Thane, India"
2022-01-16 03:11:18+00:00,"@Awhadspeaks Results of your hard work is visible to all who stays at kalwa mumbra tremendous development and yours vision for development which has been implemented is clearly been seen experienced by eveyone
Best wishes and congratulations for every work efforts u take from paper to reality",NCPatiqspeaks,
2022-01-15 06:24:26+00:00,"@TMCaTweetAway @TMCsmartcity stray dogs are creating many problems; unsafe for elder and kids..and few people from society across highland, kolshet road, brahmand are encouraging them by feeding 3 times a day üôÑ. Please look into this üôè",jagyanprakash,"Odisha, Maharashtra"
2022-01-14 13:24:29+00:00,@TMCaTweetAway @DumbreManohar @mieknathshinde Regency heights kolshet road. Today also we have received only 1 hour of water supply.,sid_hardikar,"Thane, India"
2022-01-14 13:11:04+00:00,"RT @QueenofThane: Years have gone by, there is a garden behind Nandi baba Mandir in Dhokali, on Kolshet Road, but @TMCaTweetAway doesnt pus‚Ä¶",from_THANE,Thane West
2022-01-14 08:05:49+00:00,"RT @QueenofThane: Years have gone by, there is a garden behind Nandi baba Mandir in Dhokali, on Kolshet Road, but @TMCaTweetAway doesnt pus‚Ä¶",BankiMistry,Micro-MSME-Entrepreneur-Mumbai
2022-01-14 07:57:38+00:00,"@QueenofThane @TMCaTweetAway Yes exactly while the road widening of Kolshet road has begun, @TMCaTweetAway should widen road at nandi baba mandir by pushing it behind.",Majiwadaforum,
2022-01-14 07:56:54+00:00,"RT @QueenofThane: Years have gone by, there is a garden behind Nandi baba Mandir in Dhokali, on Kolshet Road, but @TMCaTweetAway doesnt pus‚Ä¶",Majiwadaforum,
2022-01-14 07:53:47+00:00,"Years have gone by, there is a garden behind Nandi baba Mandir in Dhokali, on Kolshet Road, but @TMCaTweetAway doesnt pushes the temple behind to make some place on roads! The temple is on road which meeds to be shifted behind !#mumbai #thane",QueenofThane,"Thane, Mumbai."
2022-01-13 18:03:12+00:00,"@ThaneCityPolice - Your immediate action is required, please dispatch team to Kalpataru Immensa / Expansia site on Kolshet road  immediately for action.",kolshetforum,"Kolshet Road, Thane West"
2022-01-13 17:25:11+00:00,"@TMCaTweetAway @ThaneCityPolice - Illegal construction activity is being carried out at #KalpataruExpansia site on #Kolshet road 400607 beyond legal time as well as noise limit, despite numerous complaints by neighbouring residents. Request immediate action.",kolshetforum,"Kolshet Road, Thane West"
2022-01-13 08:20:25+00:00,"RT @QueenofThane: Submitted letter to MSRDC for road widening and constructing Service roads at Majiwada &amp; Kapurbawdi Junction, because if‚Ä¶",Happytohelp_007,Nation‚ù§Ô∏è
2022-01-12 15:48:31+00:00,"RT @QueenofThane: Submitted letter to MSRDC for road widening and constructing Service roads at Majiwada &amp; Kapurbawdi Junction, because if‚Ä¶",sandeep_s72,"Mumbai, India"
2022-01-12 03:01:50+00:00,RT @Jeetshearty: @TataSky @TataSkyBinge pathethic customer service provided in thane kolshet road area Pride Palms Society..lot of speed an‚Ä¶,Jeetshearty,
2022-01-12 03:01:33+00:00,@TataSky @TataSkyBinge pathethic customer service provided in thane kolshet road area Pride Palms Society..lot of speed and frequent disconnection issues...complaint number lodged C-3421373...No actions or update...no response from area manager and no TAT and always the case.,Jeetshearty,
2022-01-11 10:40:22+00:00,"RT @QueenofThane: Submitted letter to MSRDC for road widening and constructing Service roads at Majiwada &amp; Kapurbawdi Junction, because if‚Ä¶",anandku18345371,Aamchi mumbai
2022-01-11 09:30:10+00:00,@jagyanprakash @QueenofThane Starting of kolshet road. Still time is thr. Just ahead of Nandi baba mandir,vivekpandey564,"Mumbai, India"
2022-01-10 16:02:24+00:00,@QueenofThane More power to you..hope Kolshet Road and adjoining areas are looked after...sad to see the current state...we have so many families coming in possible by 23 ...tmc needs to fix things quick,SpanishLaLiga5,
2022-01-10 13:37:08+00:00,"RT @QueenofThane: Submitted letter to MSRDC for road widening and constructing Service roads at Majiwada &amp; Kapurbawdi Junction, because if‚Ä¶",Saurabh_Potnis,"Thane West, Thane"
2022-01-10 11:59:52+00:00,"RT @QueenofThane: Submitted letter to MSRDC for road widening and constructing Service roads at Majiwada &amp; Kapurbawdi Junction, because if‚Ä¶",WeatherGeoMH,"Thane / Mumbai, India"
2022-01-10 11:28:44+00:00,"RT @QueenofThane: Submitted letter to MSRDC for road widening and constructing Service roads at Majiwada &amp; Kapurbawdi Junction, because if‚Ä¶",kolshetforum,"Kolshet Road, Thane West"
2022-01-10 11:18:18+00:00,@QueenofThane Can you write to authority to save trees of kolshet road from Dhokali  else they will cut trees.,vivekpandey564,"Mumbai, India"
2022-01-10 11:14:21+00:00,"RT @QueenofThane: Submitted letter to MSRDC for road widening and constructing Service roads at Majiwada &amp; Kapurbawdi Junction, because if‚Ä¶",from_THANE,Thane West
2022-01-10 10:50:21+00:00,"RT @QueenofThane: Submitted letter to MSRDC for road widening and constructing Service roads at Majiwada &amp; Kapurbawdi Junction, because if‚Ä¶",aditya_twister,Galactic Federation
2022-01-10 10:42:13+00:00,"RT @QueenofThane: Submitted letter to MSRDC for road widening and constructing Service roads at Majiwada &amp; Kapurbawdi Junction, because if‚Ä¶",JMawaali,"Koyilundy, Kerala"
2022-01-10 10:40:50+00:00,"RT @QueenofThane: Submitted letter to MSRDC for road widening and constructing Service roads at Majiwada &amp; Kapurbawdi Junction, because if‚Ä¶",Siddhehe,India
2022-01-10 10:37:52+00:00,"RT @QueenofThane: Submitted letter to MSRDC for road widening and constructing Service roads at Majiwada &amp; Kapurbawdi Junction, because if‚Ä¶",Majiwadaforum,
2022-01-10 10:37:44+00:00,Yes and while doing road widening need to take care of https://t.co/UK9xGUxGwU kolshet road widening https://t.co/GgSAmkdg3w,vivekpandey564,"Mumbai, India"
2022-01-10 10:34:51+00:00,"RT @QueenofThane: Submitted letter to MSRDC for road widening and constructing Service roads at Majiwada &amp; Kapurbawdi Junction, because if‚Ä¶",Mayankkie,
2022-01-10 10:19:23+00:00,"RT @QueenofThane: Submitted letter to MSRDC for road widening and constructing Service roads at Majiwada &amp; Kapurbawdi Junction, because if‚Ä¶",kamleshjd,Thane
2022-01-10 10:18:43+00:00,"RT @QueenofThane: Submitted letter to MSRDC for road widening and constructing Service roads at Majiwada &amp; Kapurbawdi Junction, because if‚Ä¶",NVadanagekar,"Thane, India"
2022-01-10 10:09:45+00:00,"RT @QueenofThane: Submitted letter to MSRDC for road widening and constructing Service roads at Majiwada &amp; Kapurbawdi Junction, because if‚Ä¶",laldabba,Floating
2022-01-10 10:09:06+00:00,"RT @QueenofThane: Submitted letter to MSRDC for road widening and constructing Service roads at Majiwada &amp; Kapurbawdi Junction, because if‚Ä¶",ComedyVikas,
2022-01-10 10:06:30+00:00,"Submitted letter to MSRDC for road widening and constructing Service roads at Majiwada &amp; Kapurbawdi Junction, because if you want to make Kolshet a good place you need to care for the entry point point ""Majiwada"" #mumbai #thane https://t.co/Y1Fo4KlVrg",QueenofThane,"Thane, Mumbai."
2022-01-08 12:53:07+00:00,RT @vivekpandey564: Dear @TMCaTweetAway I support development same time I love trees. Kolshet road development is going on please don't cut‚Ä¶,Sandeep60122847,
2022-01-16 13:43:19+00:00,"@ThaneCityPolice @TMCaTweetAway @ThaneTraffic Half the road is a blocked everyday by illegal hawkers resulting in heavy traffic jam at Kopri station road in the morning peak hours. Also,  no one is wearing mask. Kindly look into it. https://t.co/RiaodenrHO",SalgaonkarRahul,
2022-01-16 13:37:05+00:00,"RT @normally_crazy: @TMCaTweetAway controlling the spread of #Omicron #COVID19 at #Kopri near #Thane station !

@AUThackeray @OfficeofUT ht‚Ä¶",SalgaonkarRahul,
2022-01-15 07:49:13+00:00,"The below mentioned constrctn is contcracted to ""Smart city Ltd"" for new bus station at Thane(E),Kopri. Beams of about 25M are resting/prodruding dangerously on pillar. This construction may collapse any time when commissioned. The PWD of ordering authority may please looked into https://t.co/uhf3dMTBrM",BharatK99306445,"Thane, India"
2022-01-14 07:59:07+00:00,@BHiren I fear the same for Kopri ROB. They will dismantle the old 4 lanes now but the replacement would take forever to happen.,apoorvklicks,Mumbai
2022-01-14 05:04:38+00:00,"Video | Lohri being celebrated at Kopri, Thane last night. https://t.co/SLLsTEcZDE",Mumbaikhabar9,"Mumbai, Maharashtra, India"
2022-01-14 00:03:18+00:00,RT @QueenofThane: Dear @myBESTBus can you please start a new bus route from Kapurbawdi (Ashapura mandir bus stop) to  Teen hath naka/Kopri/‚Ä¶,kamleshjd,Thane
2022-01-13 18:54:00+00:00,RT @QueenofThane: Dear @myBESTBus can you please start a new bus route from Kapurbawdi (Ashapura mandir bus stop) to  Teen hath naka/Kopri/‚Ä¶,yadavashish1806,"Maharashtra, India"
2022-01-13 16:37:36+00:00,"Kopri bridge back to two lanes. Old 2 lanes closed üò©
@QueenofThane @RoadsOfMumbai
@Majiwadaforum @ResponsibleTHA1",aditya_twister,Galactic Federation
2022-01-13 16:17:30+00:00,"Dear @PetaIndia please need help to recuse this dog from thane east kopri, as he is crying from morning. Hope you see this and revert Urgently https://t.co/WQZHz1pGYT",hitler2345,
2022-01-13 13:19:58+00:00,RT @QueenofThane: Dear @myBESTBus can you please start a new bus route from Kapurbawdi (Ashapura mandir bus stop) to  Teen hath naka/Kopri/‚Ä¶,YLY_2020,
2022-01-13 13:05:05+00:00,RT @QueenofThane: Dear @myBESTBus can you please start a new bus route from Kapurbawdi (Ashapura mandir bus stop) to  Teen hath naka/Kopri/‚Ä¶,Luftstretkrafte,Mumbai
2022-01-13 11:21:51+00:00,"Janata Davakhana wishes everyone celebrating a Happy Lohri,
May the celebrations of Lohri infuse our life with joys and smiles
.
.
.
#janatadawakhana #lohri #festival #health #happiness #indianfestival #kopri #thane https://t.co/qZx3CUIjHv",Janatadavakhana,"Thane, India"
2022-01-13 09:30:42+00:00,RT @QueenofThane: Dear @myBESTBus can you please start a new bus route from Kapurbawdi (Ashapura mandir bus stop) to  Teen hath naka/Kopri/‚Ä¶,AlertCi17299165,
2022-01-13 08:23:03+00:00,RT @QueenofThane: Dear @myBESTBus can you please start a new bus route from Kapurbawdi (Ashapura mandir bus stop) to  Teen hath naka/Kopri/‚Ä¶,BankiMistry,Micro-MSME-Entrepreneur-Mumbai
2022-01-13 08:12:59+00:00,@QueenofThane @myBESTBus @mybestbus its a kind request pls start a bus from Majiwada Kapurbawdi it would be beneficial for not just Majiwada people but also whole EEH our @TMCaTweetAway is not starting a bus from Kapurbawdi to Kopri/Teen Hath Naka but we have hope from you !,Siddhehe,India
2022-01-13 08:06:53+00:00,RT @QueenofThane: Dear @myBESTBus can you please start a new bus route from Kapurbawdi (Ashapura mandir bus stop) to  Teen hath naka/Kopri/‚Ä¶,Majiwadaforum,
2022-01-13 08:03:49+00:00,RT @QueenofThane: Dear @myBESTBus can you please start a new bus route from Kapurbawdi (Ashapura mandir bus stop) to  Teen hath naka/Kopri/‚Ä¶,Mayankkie,
2022-01-13 08:00:28+00:00,RT @QueenofThane: Dear @myBESTBus can you please start a new bus route from Kapurbawdi (Ashapura mandir bus stop) to  Teen hath naka/Kopri/‚Ä¶,needFriends2022,
2022-01-13 07:58:54+00:00,"Dear @myBESTBus can you please start a new bus route from Kapurbawdi (Ashapura mandir bus stop) to  Teen hath naka/Kopri/Sion ? Daily there is much crowd at Kapurbawdi for buses, please dont ignore ! #mumbai #thane",QueenofThane,"Thane, Mumbai."
2022-01-13 04:40:13+00:00,I would be wrong if I don't appreciate the professional management of Anand nagar kopri Thane east vaccination center good work by  @TMCaTweetAway  no politics there all professional work,rajeshphere,Mumbai
2022-01-12 07:10:25+00:00,@TMCaTweetAway  Please take some action against the illegal parking under the Kopri Road Bridge near Juipter Scan Centre Thane West. Please put up a no parking board. https://t.co/2yExXTNQ2Z,sagar_pisaal,‡§≠‡§æ‡§∞‡§§
2022-01-11 14:22:01+00:00,"@kimnjcute27 @hatersfavbts Bt where exactly in thane - kopri, rmr, godhbunder, all the nagars, whereeee?",uarmyluv610,
2022-01-11 02:07:34+00:00,@cookieecosmic Yea she said she would hv still scold him but avelo periya matter ah aayirukathu nu. Etho papri kopri nu nambe inthe shipping lam pannele. ü§£ü§£ü§£,aishu_hunny,
2022-01-16 10:58:08+00:00,"RT @JIHMumbra: Children circle outdoor activity sports day at Cozmic Turf Near Shibli Nagar Shilphata

You can also bring your kid next tim‚Ä¶",SayyedShakirSa6,
2022-01-16 10:05:08+00:00,RT @NIA_India: NIA files chargesheet against three FICN Traffickers in Mumbra FICN case https://t.co/cKXZElf1oh,ASHISHG09990117,
2022-01-16 07:30:01+00:00,"RT @JIHMumbra: Children circle outdoor activity sports day at Cozmic Turf Near Shibli Nagar Shilphata

You can also bring your kid next tim‚Ä¶",drmalikkalam,
2022-01-16 07:28:16+00:00,"@TMCaTweetAway
@nareshmhaske

It's been more than 7 days still replacement not done .. 

Address - Near Jain Mandir , mumbra market . 

@DrSEShinde https://t.co/A8gyigtFhy",rockynazim,"Mumbra, Navi Mumbai"
2022-01-16 06:42:11+00:00,"RT @SohailS69068008: To dr jitender award,.@Awhadspeaks, @ThaneCityPolice, @TMCaTweetAway ,Dear sir complaint from Mumbra Students of 11th‚Ä¶",FahimSa70192312,
2022-01-16 06:22:01+00:00,"Children circle outdoor activity sports day at Cozmic Turf Near Shibli Nagar Shilphata

You can also bring your kid next time
If interested register your kid at Tanwar Nagar Society JIH Office 

Organized by Jamaat-e-Islami Hind Mumbra https://t.co/GbgjmO9Nmd",JIHMumbra,Mumbra Thane
2022-01-16 03:11:18+00:00,"@Awhadspeaks Results of your hard work is visible to all who stays at kalwa mumbra tremendous development and yours vision for development which has been implemented is clearly been seen experienced by eveyone
Best wishes and congratulations for every work efforts u take from paper to reality",NCPatiqspeaks,
2022-01-15 17:52:41+00:00,"RT @rockynazim: https://t.co/uyWb4PuCX6

@TMCaTweetAway banners in mumbra who is responsible for this ???

@aapkaprahartime @ThaneCityPolice",mumbrakar,Mumbra Thane
2022-01-15 17:47:16+00:00,"https://t.co/uyWb4PuCX6

@TMCaTweetAway banners in mumbra who is responsible for this ???

@aapkaprahartime @ThaneCityPolice",rockynazim,"Mumbra, Navi Mumbai"
2022-01-15 17:00:33+00:00,@reliancejio Sir lot of network issue in kalayan fata mumbra. please cheak the problem asap.,Haribha33184154,"Thane, India"
2022-01-14 18:24:59+00:00,"RT @AYCOvalaThane: #ExemptPropertyTax of 500 sqft flats in #MiraBhaindar and entire #MMRDA region, demands #Congress from @CMOMaharashtra.‚Ä¶",OfficeOfKunal_,"Mira Road, Mumbai"
2022-01-14 09:36:39+00:00,@Ketan78247430 @kfc We Majiwada people are unlucky üòÖ,QueenofThane,"Thane, Mumbai."
2022-01-14 00:10:54+00:00,"RT @QueenofThane: @TMCaTweetAway  @ThaneCityPolice if the state govt has shut schools, colleges then why GSS school Majiwada is open ? why‚Ä¶",BankiMistry,Micro-MSME-Entrepreneur-Mumbai
2022-01-14 00:03:25+00:00,"RT @ritiikasingh: @QueenofThane @myBESTBus Dear @mybestbus we all people are waiting for your reply, dont ignore this is a serious issue, i‚Ä¶",kamleshjd,Thane
2022-01-13 08:29:55+00:00,@saini_jaz @TMCaTweetAway @TMCsmartcity Tmc cannot do anything in this ! Majiwada is knwon for traffic. I https://t.co/vTIBBZdA0p here too üò¨,QueenofThane,"Thane, Mumbai."
2022-01-13 08:20:32+00:00,"@QueenofThane @myBESTBus Dear @mybestbus we all people are waiting for your reply, dont ignore this is a serious issue, if you want we can even beg for  a bus ! A bus is definitely needed from Majiwada, even students will be benefited from this. @TMCaTweetAway is not starting a bus, will @mybestbus do ?",ritiikasingh,
2022-01-13 08:20:25+00:00,"RT @QueenofThane: Submitted letter to MSRDC for road widening and constructing Service roads at Majiwada &amp; Kapurbawdi Junction, because if‚Ä¶",Happytohelp_007,Nation‚ù§Ô∏è
2022-01-13 08:16:37+00:00,@QueenofThane @myBESTBus If @mybestbus cares for citizens then it will surely start a bus from Majiwada via EEH ! @cmomaharashtra @authackeray @TMCaTweetAway @nareshmhaske,AmrutaSinha,"Thane, India "
2022-01-13 08:12:59+00:00,@QueenofThane @myBESTBus @mybestbus its a kind request pls start a bus from Majiwada Kapurbawdi it would be beneficial for not just Majiwada people but also whole EEH our @TMCaTweetAway is not starting a bus from Kapurbawdi to Kopri/Teen Hath Naka but we have hope from you !,Siddhehe,India
2022-01-13 08:08:33+00:00,"@QueenofThane @myBESTBus @mybestbus what are you waiting for please start a bus either from Kapurbawdi or Majiwada please will bless you, dont worry for ridership, people have to stand a lot at Majiwada bus stop or have to take private bus ! Pls start a new bus !",Majiwadaforum,
2022-01-13 05:39:04+00:00,"@TMCaTweetAway  @ThaneCityPolice if the state govt has shut schools, colleges then why GSS school Majiwada is open ? why their  students while leaving school around 10:30 , 11 am crowd near fish market in majiwada gaon ? that too without masks ! #Mumbai #thane",QueenofThane,"Thane, Mumbai."
2022-01-12 21:51:00+00:00,@TMCaTweetAway @TMCsmartcity Every night have to go through disturbance from the heavy traffic caused by the heavy trucks at thane nashik highway near Rustomjee Urbania Complex Majiwada. It's 3.17am early morning. I'm a covid patient and want to sleep but coz of noise not possibl https://t.co/df1xnDckC4,saini_jaz,
2022-01-12 15:48:31+00:00,"RT @QueenofThane: Submitted letter to MSRDC for road widening and constructing Service roads at Majiwada &amp; Kapurbawdi Junction, because if‚Ä¶",sandeep_s72,"Mumbai, India"
2022-01-12 15:01:02+00:00,@DigiThane Majiwada Manpada is always high then any other prabhag samiti corporation has to look after it,Manishratneshw2,
2022-01-12 14:24:06+00:00,"RT @h4irforceone: Fire at Lodha Luxuria, Majiwada, Thane! 

Fire fighters are here trying to stop the fire! Probably a short circuit in met‚Ä¶",shubham_sarkhel,"Kharghar, Navi Mumbai"
2022-01-12 07:25:05+00:00,"RT @whosthatmiss: Beautiful morning! Enjoying first snowfall of the season in majiwada, Thane. Happy winters you all! https://t.co/Xsi7C6mI‚Ä¶",SouravS20807193,"Jamshedpur ,India"
2022-01-12 05:10:07+00:00,"Fire at Lodha Luxuria, Majiwada, Thane! 

Fire fighters are here trying to stop the fire! Probably a short circuit in meter room! #ThaneFire 

Currently stuck in the building!",h4irforceone,India
2022-01-16 15:40:57+00:00,It's Thane near Manpada ? https://t.co/tY7n5QYrtt,buntymumbai,"Mumbai, India"
2022-01-16 13:21:06+00:00,@CANirhali @ThaneCityPolice Thane police will not take any action...you notice even on manpada junction people's are drinking alkohall openly..and police station is just 100 mtr on opposite side in dosti...,rajukatira1,"Thane, India"
2022-01-15 18:12:27+00:00,@MSEDCL .. No electricity in manpada pincode 400610 for last 1 hour. Please tell us how much time it will take,ABS_livingbelly,
2022-01-15 18:07:51+00:00,"@ThaneCityPolice Problem persists. Request your needful intervention. 8-10 guy's are currently enjoying the camp fire many will surely join in sometime. Request real physical visit at star colony, manpada Road, Dombivli East.
Guy's are making fun of imposed restrictions sec144 &amp; night curfew https://t.co/wIFPyuxMrD",AveenMasurkar,
2022-01-15 17:54:39+00:00,"RT @LaljiRanjan: Smart City DOMBIVALI. No street lights at Manpada (Mangaon),lalit kata Inside road,Domb E. @smart_kdmc @KDMCOfficial @raju‚Ä¶",MacJFernandis,
2022-01-15 16:35:37+00:00,"RT @akshay_journo: on Friday SGNP successfully radio collared and released one female leopard named Kranti. Collared in thane, manpada area‚Ä¶",singh_sonu,Kaali daal 
2022-01-16 13:30:26+00:00,Make the move to Apple this year at 'Online se Sasta' deals &amp; other special offers. Call 88280 99999. #Apple #SmartWatch #Ghodbunder #TembhiNaka #Naupada #Finance #Deals #Discounts #BajajFinance https://t.co/egH30clreo,JKNextMobiles,Mumbai
2022-01-15 17:00:36+00:00,"@DRMWaltairECoR @DRMKhurdaRoad @RailMinIndia @AshwiniVaishnaw @rpfecorwat1 @srdscrpfwat Sir, those Thieves were handed over to kasinagar police station by the Village people of khandava railway station after chain pulling of Train. No PNR available in general ticket . Kindly provide RPF to avoid unnecessary chain pulling in these Trains from Naupada to GNPR section",ManojMahakud3,"Jharkhand, India üáÆüá≥"
2022-01-15 16:46:14+00:00,"#Lootera Gang in VSKP GNPR Exp Train
@DRMWaltairECoR @DRMKhurdaRoad @RailMinIndia
@AshwiniVaishnaw Sir, Please provide RPF/GRP from Naupada to GNPR section to avoid these type of incidents in Trains. Kindly do the needful. Thanks
Source: FB post
https://t.co/xsY8ysXZS1",ManojMahakud3,"Jharkhand, India üáÆüá≥"
2022-01-15 14:15:56+00:00,Get ready for greatness as the #OnePlus9RT arrives at your nearest JK Next store. Call 88280 99999 to know more. #OnePlus #Offers #BestDeals #Latest #Thane #Ghodbunder #TembhiNaka #Naupada #Finance #Deals #Discounts #BajajFinance #Exchange #Cashbacks https://t.co/dnXuX5lgew,JKNextMobiles,Mumbai
2022-01-15 11:41:19+00:00,Fly high on fitness with the best deals on the #ColorFitUltra.Visit us at JK Next or call 88280 99999 to know more.  #SmartWatch #Noise #Offers #BestDeals #Latest #Thane #Ghodbunder #TembhiNaka #Naupada #Finance #Deals #Discounts #BajajFinance #Exchange #Cashbacks https://t.co/FguhPN8zkJ,JKNextMobiles,Mumbai
2022-01-14 14:02:33+00:00,Grab the #Sankranti special deals on a range of phones only with JK Next. Visit our store or call 88280 99999 to know more. #Samsung #Festival #Offer #Ghodbunder #TembhiNaka #Naupada #Finance #Deals #Discounts #BajajFinance https://t.co/Ia3GOhSY65,JKNextMobiles,Mumbai
2022-01-14 10:04:19+00:00,"@ThaneCityPolice : Thank you for forwarding my complaint to Naupada PS. They have now filed FIR against Rajesh Khanvilkar &amp; others CR no.11.2022.
Request you to charge them under PMLA of 2002 - which only can provide justice to the complainants.
D√°yanand Nene
Alert Citizens Forum https://t.co/jyB3bXElZB",dayanandnene,Mumbai 
2022-01-14 07:15:45+00:00,"@ThaneCityPolice Dhanyawad for your cooperation. Naupada PS have now lodged the FIR against Khanvilkar.
Thanks once again.

@Awhadspeaks : üôè Thank you for your support sir.. https://t.co/ZhxCl1SJfp",dayanandnene,Mumbai 
2022-01-13 13:32:06+00:00,"This #Sankranti, fly high with JK Next &amp; enjoy the best deals on the #GalaxyS20FE. Visit our store or call 88280 99999 to know more. #Samsung #Festival #Offer #Ghodbunder #TembhiNaka #Naupada #Finance #Deals #Discounts #BajajFinance https://t.co/sm2Q4KLpuC",JKNextMobiles,Mumbai
2022-01-13 10:17:20+00:00,"RT @AdityaJ44900735: Dear @TMCaTweetAway Request you to water the plants under the flyover on MG Road Naupada please. 

They are in a dire‚Ä¶",BankiMistry,Micro-MSME-Entrepreneur-Mumbai
2022-01-13 10:05:58+00:00,"Dear @TMCaTweetAway Request you to water the plants under the flyover on MG Road Naupada please. 

They are in a dire state.",AdityaJ44900735,
2022-01-13 06:07:53+00:00,"RT @JKNextMobiles: Follow us &amp; get the latest details on new mobile launches, deals, offers &amp; more. Call 88280 99999.  #Samsung #Apple #iPh‚Ä¶",AppleRetweetBot,
2022-01-13 06:05:03+00:00,"Follow us &amp; get the latest details on new mobile launches, deals, offers &amp; more. Call 88280 99999.  #Samsung #Apple #iPhone #Vivo #OPPO #Mi #RealMe  #Mobiles # Accessories #Ghodbunder #TembhiNaka #Naupada #Finance #Deals #Discounts #BajajFinance https://t.co/AFXQVasHra",JKNextMobiles,Mumbai
2022-01-12 13:53:21+00:00,Kick Off 2022 with awesome deals on the #GalaxyZFold3 &amp; #GalaxyZFlip3 at JK Next. Call 88280 99999 to know more.  #Samsung #2022 #Offers #BestDeals #Latest #Thane #Ghodbunder #TembhiNaka #Naupada #Finance #Deals #Discounts #BajajFinance #Exchange #Cashbacks https://t.co/cGROQ9T1qh,JKNextMobiles,Mumbai
2022-01-12 10:44:03+00:00,"#Bighelp For #Education presented the Civil dress and Maintenance items to the students at Govt. High S, Naupada village, Santhabommali Mandal,  Srikakulam dist of AP on 11th Jan 2022 as part of the #Sponsor-A-Child program. 

More details 

Our Website: https://t.co/qxYnAkfXXe https://t.co/gAxNN9pmxF",bighelp,"Boston, USA"
2022-01-12 07:00:08+00:00,"RT @SawaleTanuj: Amid of covid omicron rises 
MH college in naupada THANE is conducting offline lectures and exams for students with a capa‚Ä¶",Marsh_dow,
2022-01-12 05:45:02+00:00,Enjoy the super performance of the #OPPOA54 now at dropped prices only with JK Next. Call 88280 99999.  #OPPO #Mobiles # Accessories #Ghodbunder #TembhiNaka #Naupada #Finance #Deals #Discounts #BajajFinance https://t.co/WClJPHq1tO,JKNextMobiles,Mumbai
2022-01-11 13:37:17+00:00,Buy Befikar from JK Next as we ensure you get only genuine products and the best after-sales service across #Thane. Call 88280 99999.  #Samsung #Apple #iPhone #Vivo #OPPO #Mi #RealMe  #Mobiles # Accessories #Ghodbunder #TembhiNaka #Naupada #Finance #Deals #Discounts #BajajFinance https://t.co/5U4GHmgCpq,JKNextMobiles,Mumbai
2022-01-11 06:11:32+00:00,"RT @SawaleTanuj: Amid of covid omicron rises 
MH college in naupada THANE is conducting offline lectures and exams for students with a capa‚Ä¶",piyushvj08,"Mumbai,India"
2022-01-11 06:00:14+00:00,"Experience India's fastest charging smartphone with the #Xiaomi11i Hypercharge. For easy EMIs &amp; home deliveries, call 88280 99999.  #Mi #Mobiles # Accessories #Ghodbunder #TembhiNaka #Naupada #Finance #Deals #Discounts #BajajFinance https://t.co/FszCDhK8in",JKNextMobiles,Mumbai
2022-01-10 16:13:14+00:00,"RT @SawaleTanuj: Amid of covid omicron rises 
MH college in naupada THANE is conducting offline lectures and exams for students with a capa‚Ä¶",VijaySh03040067,
2022-01-10 13:48:37+00:00,"From Visakhapatnam to Palasa, the trains would stop at , Simhachalam, Kottavalasa, Vizianagaram, Chipurupalle, Ponduru, Srikakulam Road, Tilaru, Kotabommali and Naupada. These pair of trains will have 11 General Second Class and Two Second class cum luggage coaches.",SivagraoTOI,
2022-01-10 12:49:56+00:00,Fully loaded phone now available at dropped prices. Call 88280 99999 to grab the #GalaxyA52 at 'Online se Sasta' deals &amp; other special offers. #Samsung #Mobiles #Ghodbunder #TembhiNaka #Naupada #Finance #Deals #Discounts #BajajFinance https://t.co/xBmsJkINrJ,JKNextMobiles,Mumbai
2022-01-10 06:10:02+00:00,The January deals on the #GalaxyM32 are now ON at JK Next. Call 88280 99999 to know more.  #Samsung #2022 #Offers #BestDeals #Latest #Thane #Ghodbunder #TembhiNaka #Naupada #Finance #Deals #Discounts #BajajFinance #Exchange #Cashbacks https://t.co/iXM1BaY30h,JKNextMobiles,Mumbai
2022-01-10 05:01:19+00:00,"We thank Uttam Dash for registering as #O+ blood donor in #Naupada, #Odisha #Friends2Support",friends2support,India
2022-01-09 14:47:36+00:00,"New year Offer. Enjoy easy EMIs on the #iPhone13. For home deliveries, call 88280 99999.  #Apple #Mobiles # Accessories #Ghodbunder #TembhiNaka #Naupada #Finance #Deals #Discounts #BajajFinance https://t.co/A61bTENGWt",JKNextMobiles,Mumbai
2022-01-08 14:37:02+00:00,Experience the #FullOnLegend mode with the #GalaxyF42. Call 88280 99999 to grab it at 'Online se Sasta' deals &amp; know other special offers. #Samsung #Mobiles #Ghodbunder #TembhiNaka #Naupada #Finance #Deals #Discounts #BajajFinance https://t.co/HmlhqqcbQe,JKNextMobiles,Mumbai
2022-01-08 14:35:49+00:00,"The Apple dhamaka offer is here. For home deliveries, call 88280 99999.  #iPhone12 #iPhone12Mini #Mobiles # Accessories #Ghodbunder #TembhiNaka #Naupada #Finance #Deals #Discounts #BajajFinance https://t.co/8L4yZzBuBu",JKNextMobiles,Mumbai
2022-01-08 04:23:22+00:00,"We thank krushna sahoo for registering as #O+ blood donor in #Naupada, #Odisha #Friends2Support",friends2support,India
2022-01-11 05:53:04+00:00,"Ghodbunder Rd strech &amp; implemented some of them on Metro route knowing construction is going to happen on it. Following is the list
1. Rest rooms for Womens 
2. Smart Jal
3. Public Bicycle Sharing facility
&amp; most important one Theme park at Patlipada Naka next to service rd",kamleshjd,Thane
2022-01-11 05:47:00+00:00,"@TMCaTweetAway @MMRDAOfficial Why has the service road near One Hiranandani Park and Patlipada flyover been dug up for more than 2 months now? By when will it be back in service for the citizens?
@h_communities",APamnani,Mumbai
2022-01-10 16:31:17+00:00,"@MSEDCL 
Snapshot of complaint registered 10 months before. See the closed status. Resoltion is contact patlipada office.
Sad state of affairs. God help the consumers https://t.co/MEWACbzpIp",AbhijitSinkar,"Thane, India"
2022-01-10 06:53:49+00:00,RT @kapilpathare: Brahmand to patlipada service road closure since 4 months. Such inconvenience for the citizens. No work progress. @TMCaTw‚Ä¶,KaahishA,
2022-01-11 11:22:23+00:00,@whosthatmiss Look's like a pokhran road no 2 ü§£üòÇ,kshatriya0072,"Mumbai, India"
2022-01-09 03:11:19+00:00,"@TMCaTweetAway @ThaneCityPolice More than 100 Naka Kamgaars assembled at shastri Nagar in front of aasavari building. Pokhran road 1.
Majority of them without masks,  isn't it prohibited that more than 5 people to stand in groups?",salviabu,
2022-01-11 11:22:23+00:00,@whosthatmiss Look's like a pokhran road no 2 ü§£üòÇ,kshatriya0072,"Mumbai, India"
2022-01-16 10:58:08+00:00,"RT @JIHMumbra: Children circle outdoor activity sports day at Cozmic Turf Near Shibli Nagar Shilphata

You can also bring your kid next tim‚Ä¶",SayyedShakirSa6,
2022-01-16 07:30:01+00:00,"RT @JIHMumbra: Children circle outdoor activity sports day at Cozmic Turf Near Shibli Nagar Shilphata

You can also bring your kid next tim‚Ä¶",drmalikkalam,
2022-01-16 06:22:01+00:00,"Children circle outdoor activity sports day at Cozmic Turf Near Shibli Nagar Shilphata

You can also bring your kid next time
If interested register your kid at Tanwar Nagar Society JIH Office 

Organized by Jamaat-e-Islami Hind Mumbra https://t.co/GbgjmO9Nmd",JIHMumbra,Mumbra Thane
2022-01-15 14:21:36+00:00,"RT @Therealtalkin: #Fire broke out at a plastic godown in Khan compound, #Shilphata area of #Thane. Six fire brigades at the spot. No injur‚Ä¶",Sunita9673,"‡§¨‡§≤‡•ç‡§≤‡§æ‡§ó‡§¢‡§º, ‡§´‡§º‡§∞‡•Ä‡§¶‡§æ‡§¨‡§æ‡§¶"
2022-01-15 08:27:10+00:00,"Choose What You Love to Eat,
Order From One of the Best Restaurant in Shilphata.

Order Now: 9892518021

#hotelfountain #mumbra https://t.co/8LJ6b6VRz8",FountainHotel1,"Shilphata, Thane, Maharashtra"
2022-01-14 20:29:50+00:00,"RT @ANI: Fire broke out at a plastic godown in Khan compound, Shilphata area of Thane. Six fire brigades at the spot. No injury or casualty‚Ä¶",soniaRainaV,
2022-01-14 17:47:42+00:00,"Hello @airtelindia @Airtel_Presence  this is your postpaid ‚ÄúPlatinum‚Äù priority network in Shilphata, Navi Mumbai area. Please stop lying about 20MBps assured speed to platinum users. and don‚Äôt fool around people by using gimmicks like ‚Äúindoor coverage boost‚Äù üò†üò° https://t.co/flhCgcIG9T",villenggc,
2022-01-14 12:54:26+00:00,RT @gallinews: #fire  in #Plastic  Godown at #Shilphata #Mumbra #Thane https://t.co/Ogy2HQj0lp,IrshadGallinews,"Mumbai, India"
2022-01-14 12:40:27+00:00,"RT @TOIMumbai: #Thane: Fire breaks out at plastic godown in Khan compound, Shilphata area of Thane. Six fire brigades at the spot

- No inj‚Ä¶",KARMA_0036,"Mumbai, India"
2022-01-14 09:36:19+00:00,RT @gallinews: #fire  in #Plastic  Godown at #Shilphata #Mumbra #Thane https://t.co/Ogy2HQj0lp,parvezpathan92,Mumbai
2022-01-14 07:11:50+00:00,#fire  in #Plastic  Godown at #Shilphata #Mumbra #Thane https://t.co/Ogy2HQj0lp,gallinews,India
2022-01-14 06:38:13+00:00,"#fire in Plastic Godown at #Shilphata #Mumbra #Thane

https://t.co/TC5bEQ90Ha",gallinews,India
2022-01-14 06:29:03+00:00,"Thane mumbra  Today at around 02:20 Hrs. Fire in scrap plastic godown in Khan compound, near Dosti Complex, Shilphata, Mumbra. RDMC, Police officials, Fire brigade on site with 2 fire engine, 2 QRV. 2 water tanker. No casualty, No injury. Fire extinguisher work in progress. https://t.co/bOqUhUXTVs",azars_007,"Osmanabad, India"
2022-01-14 06:14:30+00:00,"RT @PBNS_India: Maharashtra | Fire broke out at a plastic godown in Khan compound, Shilphata area of Thane. 

Six fire brigades are present‚Ä¶",wingcdrsharma,"Mohali, India"
2022-01-14 06:11:23+00:00,"Maharashtra | Fire broke out at a plastic godown in Khan compound, Shilphata area of Thane. Six fire brigades are present at the spot. No injury or casualty has been reported, informs Thane Municipal Corporation. https://t.co/SYW76SeU3K",Udayindiaonline,"New Delhi, India"
2022-01-14 06:04:49+00:00,"RT @ANI: Fire broke out at a plastic godown in Khan compound, Shilphata area of Thane. Six fire brigades at the spot. No injury or casualty‚Ä¶",krishnaSharmaYT,India
2022-01-14 06:04:38+00:00,"RT @ANI: Fire broke out at a plastic godown in Khan compound, Shilphata area of Thane. Six fire brigades at the spot. No injury or casualty‚Ä¶",MukherjeeWritam,"Kolkata, India"
2022-01-14 06:00:45+00:00,"RT @ndtv: A fire broke out at a plastic godown in Khan compound, Shilphata area of #Thane. Six fire brigades at the spot. No injury or casu‚Ä¶",Susheel60461630,
2022-01-14 05:08:14+00:00,"RT @ANI: Fire broke out at a plastic godown in Khan compound, Shilphata area of Thane. Six fire brigades at the spot. No injury or casualty‚Ä¶",rakesshnalwade,‡§≠‡§æ‡§∞‡§§‡§µ‡§∞‡•ç‡§∑  üö©
2022-01-14 05:00:00+00:00,"#JustIn | A fire broke out at a plastic godown in Khan compound, Shilphata area of Maharashtra's Thane on Friday. 

According to the Thane Municipal Corporation, six fire brigades reached the spot. 

https://t.co/OLbtuMtGo0",livemint,India
2022-01-14 04:58:47+00:00,"Fire broke out at a plastic godown in Khan compound, Shilphata area of Thane . #Maharashtra

Six fire brigades are present at the spot. No injury or casualty has been reported, informs Thane Municipal Corporation https://t.co/L1h1QKCCoI",GBSnews24,"Delhi, India"
2022-01-14 04:06:52+00:00,"RT @ANI: Fire broke out at a plastic godown in Khan compound, Shilphata area of Thane. Six fire brigades at the spot. No injury or casualty‚Ä¶",ManojKu70630177,"Patna, India"
2022-01-14 04:03:46+00:00,"#Fire broke out at a #plasticgodown in #Khan compound, #Shilphata area of Thane. Six fire brigades at the spot. No injury or casualty reported: Thane Municipal Corporation https://t.co/QHfsBNOq1g",Konarknewsodia,Bhubaneswar
2022-01-14 04:01:25+00:00,"Thane: Fire Breaks Out at Plastic Godown in Shilphata
https://t.co/LISqfRWeL4
#Thane #Plastic #Godown #Shilphata #Fire",latestly,"Mumbai, India"
2022-01-14 03:41:45+00:00,"RT @ANI: Fire broke out at a plastic godown in Khan compound, Shilphata area of Thane. Six fire brigades at the spot. No injury or casualty‚Ä¶",Kevin11222994,"Gandevi, India"
2022-01-14 03:38:50+00:00,"RT @MBCTVODISHA: #Fire broke out at a #plasticgodown in #Khan compound, #Shilphata area of Thane. Six fire brigades at the spot. No injury‚Ä¶",SouravK10754160,
2022-01-14 03:30:43+00:00,"RT @TOIMumbai: #Thane: Fire breaks out at plastic godown in Khan compound, Shilphata area of Thane. Six fire brigades at the spot

- No inj‚Ä¶",NandJee26733699,
2022-01-14 03:21:34+00:00,"#Fire broke out at a #plasticgodown in #Khan compound, #Shilphata area of Thane. Six fire brigades at the spot. No injury or casualty reported: Thane Municipal Corporation https://t.co/8SStuKcv8c",MBCTVODISHA,"Bhubaneshwar, India"
2022-01-14 03:11:54+00:00,"RT @ANI: Fire broke out at a plastic godown in Khan compound, Shilphata area of Thane. Six fire brigades at the spot. No injury or casualty‚Ä¶",Arman25849226,
2022-01-14 03:03:32+00:00,"Maharashtra | Fire broke out at a plastic godown in Khan compound, Shilphata area of Thane. 

Six fire brigades are present at the spot. No injury or casualty has been reported, informs Thane Municipal Corporation https://t.co/iFkHcsX5bq",PBNS_India,
2022-01-14 03:01:58+00:00,"RT @ANI: Fire broke out at a plastic godown in Khan compound, Shilphata area of Thane. Six fire brigades at the spot. No injury or casualty‚Ä¶",nemityadav1,"Raipur , Chhattisgarh, India"
2022-01-14 02:54:10+00:00,"Fire broke out at a plastic godown in Khan compound, Shilphata area of Thane. Six fire brigades at the spot. No injury or casualty reported: Thane Municipal Corporation . https://t.co/xV9jgj8UgN",Indsamachar,India
2022-01-14 02:52:36+00:00,"RT @TOIMumbai: #Thane: Fire breaks out at plastic godown in Khan compound, Shilphata area of Thane. Six fire brigades at the spot

- No inj‚Ä¶",ashokpanvalkar,"Mumbai, India"
